transaction_id,expected_rule,severity
TX_1401,WEIGHT_VARIANCE,high
TX_1402,WEIGHT_VARIANCE,high
TX_1403,WEIGHT_VARIANCE,high
TX_1404,WEIGHT_VARIANCE,high
TX_1405,WEIGHT_VARIANCE,high
TX_1406,PRICE_BELOW_BAND,high
TX_1407,PRICE_BELOW_BAND,high
TX_1408,PRICE_BELOW_BAND,high
TX_1409,PRICE_BELOW_BAND,high
TX_1410,PRICE_BELOW_BAND,high
TX_1411,UNIT_ERROR_SUSPECT,high
TX_1412,UNIT_ERROR_SUSPECT,high
TX_1413,UNIT_ERROR_SUSPECT,high
TX_1414,UNIT_ERROR_SUSPECT,high
TX_1415,UNIT_ERROR_SUSPECT,high
TX_1416,GPS_MISMATCH,high
TX_1417,GPS_MISMATCH,high
TX_1418,GPS_MISMATCH,high
TX_1419,GPS_MISMATCH,high
TX_1420,GPS_MISMATCH,high
