transaction_id,lot_id,material_code,city,est_weight_g,actual_weight_g,final_price_paise,final_price_per_kg_paise,quote_per_kg_paise,photo_phash,gps_distance_km,payment_minutes_before_weigh,weigh_in_at,payment_at
TX_1001,LOT_1001,BATTERY_PB,Jaipur,11727,11817,250709,21216,21488,37d7cab335b33f54,1.23,-15,2026-09-10T05:01:54.040720+00:00,2026-09-10T05:15:54.040720+00:00
TX_1002,LOT_1002,MOTOR,Jaipur,43679,41535,1029985,24798,24736,dbc21e42fd0d4cb1,0.31,-15,2026-09-14T04:07:54.040720+00:00,2026-09-14T04:15:54.040720+00:00
TX_1003,LOT_1003,PLASTIC_MIXED,Jaipur,12024,12536,140027,11170,11350,faf36aec1e0a7157,0.82,-15,2026-09-09T20:05:54.040720+00:00,2026-09-09T20:15:54.040720+00:00
TX_1004,LOT_1004,LCD,Nagpur,29430,30812,533571,17317,16492,658a83773da8b37a,0.78,-15,2026-09-06T20:03:54.040720+00:00,2026-09-06T20:15:54.040720+00:00
TX_1005,LOT_1005,CABLE,Jaipur,49837,49216,2189472,44487,44685,d1753cd1dd69cf6b,1.01,-15,2026-09-18T05:08:54.040720+00:00,2026-09-18T05:15:54.040720+00:00
TX_1006,LOT_1006,CRT,Jaipur,43807,43567,200975,4613,4422,ab35f75aa43366c9,1.37,-15,2026-08-25T14:08:54.040720+00:00,2026-08-25T14:15:54.040720+00:00
TX_1007,LOT_1007,MOTOR,Mumbai,39459,39747,1050950,26441,26589,624b31d72e5c58ad,0.78,-15,2026-09-01T07:07:54.040720+00:00,2026-09-01T07:15:54.040720+00:00
TX_1008,LOT_1008,PLASTIC_MIXED,Bengaluru,38448,37007,427579,11554,11304,050e1961b363d272,0.65,-15,2026-09-12T13:05:54.040720+00:00,2026-09-12T13:15:54.040720+00:00
TX_1009,LOT_1009,BATTERY_PB,Mumbai,35006,36186,839153,23190,23254,f736df7e351c586a,1.02,-15,2026-09-17T10:07:54.040720+00:00,2026-09-17T10:15:54.040720+00:00
TX_1010,LOT_1010,BATTERY_LI,Delhi,40262,41048,1193922,29086,27882,933882b320fa15b7,0.39,-15,2026-09-08T16:00:54.040720+00:00,2026-09-08T16:15:54.040720+00:00
TX_1011,LOT_1011,CABLE,Mumbai,37863,36942,1789692,48446,47740,f75ddff45d123e9b,0.86,-15,2026-08-24T05:07:54.040720+00:00,2026-08-24T05:15:54.040720+00:00
TX_1012,LOT_1012,PLASTIC_MIXED,Jaipur,1005,980,10890,11112,11069,23cd8a4471e64bce,0.91,-15,2026-09-11T18:01:54.040720+00:00,2026-09-11T18:15:54.040720+00:00
TX_1013,LOT_1013,LCD,Nagpur,24076,24332,416515,17118,16546,24444f6430259856,0.52,-15,2026-08-24T20:09:54.040720+00:00,2026-08-24T20:15:54.040720+00:00
TX_1014,LOT_1014,MOTOR,Delhi,40462,40673,1046679,25734,25761,13093c176c092d0a,0.87,-15,2026-09-01T11:06:54.040720+00:00,2026-09-01T11:15:54.040720+00:00
TX_1015,LOT_1015,CRT,Pune,43583,45342,224443,4950,4937,b1cbc263f0b0e729,0.3,-15,2026-08-24T04:02:54.040720+00:00,2026-08-24T04:15:54.040720+00:00
TX_1016,LOT_1016,MOTOR,Mumbai,42259,43242,1191317,27550,27550,a845fee9904ada37,1.01,-15,2026-09-17T04:04:54.040720+00:00,2026-09-17T04:15:54.040720+00:00
TX_1017,LOT_1017,CABLE,Pune,11059,10856,502579,46295,47104,13d8a6e63f5c022a,0.48,-15,2026-09-05T19:10:54.040720+00:00,2026-09-05T19:15:54.040720+00:00
TX_1018,LOT_1018,BATTERY_LI,Jaipur,36937,36593,1046670,28603,28993,45f3e8a4c72fa86e,0.3,-15,2026-08-24T09:59:54.040720+00:00,2026-08-24T10:15:54.040720+00:00
TX_1019,LOT_1019,MOTOR,Bengaluru,1646,1580,40566,25675,26102,ecf678c0c8613afa,0.27,-15,2026-08-30T01:58:54.040720+00:00,2026-08-30T02:15:54.040720+00:00
TX_1020,LOT_1020,CRT,Nagpur,33087,31749,148522,4678,4625,195c663b9b82f430,1.36,-15,2026-09-14T00:01:54.040720+00:00,2026-09-14T00:15:54.040720+00:00
TX_1021,LOT_1021,CABLE,Bengaluru,26530,25683,1167292,45450,44695,4251d2f020a89260,0.11,-15,2026-09-18T12:58:54.040720+00:00,2026-09-18T13:15:54.040720+00:00
TX_1022,LOT_1022,CABLE,Jaipur,9281,8949,393264,43945,44573,f978d269a3a22f35,0.62,-15,2026-09-01T00:09:54.040720+00:00,2026-09-01T00:15:54.040720+00:00
TX_1023,LOT_1023,MOTOR,Jaipur,40891,40557,979370,24148,24290,496d036a8092189b,0.49,-15,2026-09-08T07:59:54.040720+00:00,2026-09-08T08:15:54.040720+00:00
TX_1024,LOT_1024,PLASTIC_MIXED,Nagpur,48085,49919,586948,11758,11950,c544a04968115a5c,0.54,-15,2026-09-02T15:08:54.040720+00:00,2026-09-02T15:15:54.040720+00:00
TX_1025,LOT_1025,BATTERY_LI,Jaipur,6208,5945,168505,28344,28068,be50150015a75ed9,0.5,-15,2026-08-24T14:05:54.040720+00:00,2026-08-24T14:15:54.040720+00:00
TX_1026,LOT_1026,BATTERY_PB,Mumbai,28786,29296,706004,24099,23734,ff79f0f4af642572,1.05,-15,2026-08-26T09:55:54.040720+00:00,2026-08-26T10:15:54.040720+00:00
TX_1027,LOT_1027,BATTERY_LI,Pune,1910,1932,60342,31233,31207,5855e4a0bfea3d2a,0.44,-15,2026-08-20T21:57:54.040720+00:00,2026-08-20T22:15:54.040720+00:00
TX_1028,LOT_1028,PCB,Nagpur,30402,31815,1230063,38663,37203,d6e381035df70cc1,0.29,-15,2026-09-11T23:03:54.040720+00:00,2026-09-11T23:15:54.040720+00:00
TX_1029,LOT_1029,LCD,Mumbai,28703,28690,524367,18277,18533,d4ec05953ff09d13,0.85,-15,2026-08-25T10:00:54.040720+00:00,2026-08-25T10:15:54.040720+00:00
TX_1030,LOT_1030,BATTERY_LI,Bengaluru,20606,20571,590552,28708,27710,edda16774e08ab81,1.41,-15,2026-08-20T16:58:54.040720+00:00,2026-08-20T17:15:54.040720+00:00
TX_1031,LOT_1031,PCB,Pune,41484,42929,1641176,38230,37198,1b6f1a9e5a98b715,0.11,-15,2026-08-20T20:56:54.040720+00:00,2026-08-20T21:15:54.040720+00:00
TX_1032,LOT_1032,CABLE,Pune,24234,23044,1029813,44689,44110,27599511e604bfbe,0.68,-15,2026-08-29T01:08:54.040720+00:00,2026-08-29T01:15:54.040720+00:00
TX_1033,LOT_1033,BATTERY_PB,Mumbai,11199,11501,259037,22523,21987,6da7c95b5d4f9715,1.35,-15,2026-09-09T15:58:54.040720+00:00,2026-09-09T16:15:54.040720+00:00
TX_1034,LOT_1034,CRT,Mumbai,29742,30207,157620,5218,5230,5bf6f06d017cc74e,1.34,-15,2026-08-26T13:59:54.040720+00:00,2026-08-26T14:15:54.040720+00:00
TX_1035,LOT_1035,MOTOR,Mumbai,13423,13134,332133,25288,25619,aa8c662d290a3d67,0.38,-15,2026-09-07T14:00:54.040720+00:00,2026-09-07T14:15:54.040720+00:00
TX_1036,LOT_1036,BATTERY_PB,Jaipur,18419,17717,377673,21317,20736,c7c432a0c3af3d93,1.33,-15,2026-09-10T18:06:54.040720+00:00,2026-09-10T18:15:54.040720+00:00
TX_1037,LOT_1037,PLASTIC_MIXED,Delhi,8191,8566,107914,12598,12272,c4735700037e7f60,1.06,-15,2026-08-26T00:06:54.040720+00:00,2026-08-26T00:15:54.040720+00:00
TX_1038,LOT_1038,PCB,Jaipur,23422,23257,911139,39177,38535,7c65dbfb483fca72,0.22,-15,2026-08-20T22:57:54.040720+00:00,2026-08-20T23:15:54.040720+00:00
TX_1039,LOT_1039,PLASTIC_MIXED,Delhi,41475,40034,490577,12254,12299,4376bff9dd3a0936,1.49,-15,2026-08-31T06:02:54.040720+00:00,2026-08-31T06:15:54.040720+00:00
TX_1040,LOT_1040,MOTOR,Jaipur,29125,28247,699141,24751,23840,9758a25fdad8e2da,0.98,-15,2026-08-25T00:05:54.040720+00:00,2026-08-25T00:15:54.040720+00:00
TX_1041,LOT_1041,CABLE,Delhi,8894,8567,375072,43781,42898,331bd6029dd0ce04,0.23,-15,2026-08-28T19:06:54.040720+00:00,2026-08-28T19:15:54.040720+00:00
TX_1042,LOT_1042,PCB,Pune,27692,27761,1132677,40801,39721,0fb49d987aac8a0a,0.81,-15,2026-08-30T11:03:54.040720+00:00,2026-08-30T11:15:54.040720+00:00
TX_1043,LOT_1043,PCB,Bengaluru,8212,8023,307602,38340,37086,0c2ca7fae525aeaf,0.35,-15,2026-09-04T13:57:54.040720+00:00,2026-09-04T14:15:54.040720+00:00
TX_1044,LOT_1044,PCB,Mumbai,44281,45365,1850438,40790,41344,6e4ff4a419cb84c8,0.36,-15,2026-09-09T18:02:54.040720+00:00,2026-09-09T18:15:54.040720+00:00
TX_1045,LOT_1045,BATTERY_PB,Bengaluru,22907,22459,464699,20691,20136,cf5e7840bdc551bb,0.61,-15,2026-08-21T04:06:54.040720+00:00,2026-08-21T04:15:54.040720+00:00
TX_1046,LOT_1046,LCD,Delhi,43614,42637,789424,18515,17758,9a11ddf4be1a35c9,0.27,-15,2026-08-24T08:07:54.040720+00:00,2026-08-24T08:15:54.040720+00:00
TX_1047,LOT_1047,MOTOR,Delhi,47180,46924,1148559,24477,23770,fd595978796512e3,1.17,-15,2026-09-12T22:00:54.040720+00:00,2026-09-12T22:15:54.040720+00:00
TX_1048,LOT_1048,CABLE,Mumbai,9377,9088,431580,47489,48089,a13ecf1572cfbb0e,1.1,-15,2026-08-31T08:59:54.040720+00:00,2026-08-31T09:15:54.040720+00:00
TX_1049,LOT_1049,PLASTIC_MIXED,Mumbai,32642,32378,425544,13143,12639,b25b56dc462e9af3,1.45,-15,2026-09-11T02:10:54.040720+00:00,2026-09-11T02:15:54.040720+00:00
TX_1050,LOT_1050,CRT,Mumbai,38104,36430,200292,5498,5414,dec91438884ff1a7,0.82,-15,2026-08-28T16:58:54.040720+00:00,2026-08-28T17:15:54.040720+00:00
TX_1051,LOT_1051,BATTERY_LI,Delhi,29688,30432,920446,30246,30019,2f1ef8dc34f902b7,0.11,-15,2026-09-06T05:58:54.040720+00:00,2026-09-06T06:15:54.040720+00:00
TX_1052,LOT_1052,MOTOR,Nagpur,46660,44368,1098907,24768,24403,866b329ab877e049,0.46,-15,2026-09-11T11:56:54.040720+00:00,2026-09-11T12:15:54.040720+00:00
TX_1053,LOT_1053,MOTOR,Bengaluru,47416,46318,1091576,23567,23269,0a01d8b64ab63e0f,1.0,-15,2026-08-30T04:09:54.040720+00:00,2026-08-30T04:15:54.040720+00:00
TX_1054,LOT_1054,CRT,Delhi,18723,19422,94605,4871,4810,a60da1aa005bbf73,0.59,-15,2026-08-31T05:04:54.040720+00:00,2026-08-31T05:15:54.040720+00:00
TX_1055,LOT_1055,LCD,Bengaluru,6455,6743,123512,18317,17925,4b7e42df9c8a1631,0.55,-15,2026-08-31T21:06:54.040720+00:00,2026-08-31T21:15:54.040720+00:00
TX_1056,LOT_1056,PCB,Jaipur,1682,1736,65466,37711,36501,89924e2d0400e249,1.02,-15,2026-09-01T13:05:54.040720+00:00,2026-09-01T13:15:54.040720+00:00
TX_1057,LOT_1057,BATTERY_LI,Jaipur,49874,50812,1544532,30397,30615,5302e6e2387bccda,0.48,-15,2026-08-31T14:04:54.040720+00:00,2026-08-31T14:15:54.040720+00:00
TX_1058,LOT_1058,PLASTIC_MIXED,Delhi,30232,29421,368263,12517,12682,7ef74fdb17fc2335,0.35,-15,2026-09-05T08:06:54.040720+00:00,2026-09-05T08:15:54.040720+00:00
TX_1059,LOT_1059,CABLE,Delhi,13377,13470,645684,47935,45609,e29ff19c29b50942,0.35,-15,2026-08-28T07:01:54.040720+00:00,2026-08-28T07:15:54.040720+00:00
TX_1060,LOT_1060,PLASTIC_MIXED,Jaipur,40834,39559,444050,11225,11021,f86b2e95a52680b3,0.66,-15,2026-09-07T19:03:54.040720+00:00,2026-09-07T19:15:54.040720+00:00
TX_1061,LOT_1061,CABLE,Jaipur,1772,1790,77179,43117,43456,d49cc547c3712e42,1.0,-15,2026-08-21T12:07:54.040720+00:00,2026-08-21T12:15:54.040720+00:00
TX_1062,LOT_1062,PCB,Delhi,17275,17742,707054,39852,40070,f5266edf0267c983,1.21,-15,2026-09-16T09:10:54.040720+00:00,2026-09-16T09:15:54.040720+00:00
TX_1063,LOT_1063,LCD,Jaipur,6568,6372,111038,17426,17549,54edfb704eb0c866,0.77,-15,2026-09-13T14:56:54.040720+00:00,2026-09-13T15:15:54.040720+00:00
TX_1064,LOT_1064,MOTOR,Mumbai,36620,37323,992232,26585,26791,8b6daa251a521aa2,0.52,-15,2026-08-25T21:10:54.040720+00:00,2026-08-25T21:15:54.040720+00:00
TX_1065,LOT_1065,PLASTIC_MIXED,Delhi,1079,1123,13091,11657,11194,496ec0c9a7c5f960,0.42,-15,2026-09-07T19:58:54.040720+00:00,2026-09-07T20:15:54.040720+00:00
TX_1066,LOT_1066,PLASTIC_MIXED,Jaipur,47848,49392,552647,11189,10805,f4b28643f4dafcc8,0.49,-15,2026-08-27T20:07:54.040720+00:00,2026-08-27T20:15:54.040720+00:00
TX_1067,LOT_1067,BATTERY_LI,Nagpur,22870,21997,653443,29706,29478,6dba97542d95d98d,0.84,-15,2026-08-24T05:09:54.040720+00:00,2026-08-24T05:15:54.040720+00:00
TX_1068,LOT_1068,CABLE,Jaipur,28868,27858,1236338,44380,43243,45665e791a9aab54,1.38,-15,2026-09-02T11:01:54.040720+00:00,2026-09-02T11:15:54.040720+00:00
TX_1069,LOT_1069,LCD,Bengaluru,47616,49038,890040,18150,17649,725aa10d63fe557c,1.11,-15,2026-08-26T23:06:54.040720+00:00,2026-08-26T23:15:54.040720+00:00
TX_1070,LOT_1070,BATTERY_PB,Mumbai,8416,8482,204942,24162,23107,20a62edffea95b73,0.35,-15,2026-09-01T12:06:54.040720+00:00,2026-09-01T12:15:54.040720+00:00
TX_1071,LOT_1071,PLASTIC_MIXED,Bengaluru,21926,21913,257215,11738,11265,a7698b2df1abf7a0,1.39,-15,2026-09-07T06:00:54.040720+00:00,2026-09-07T06:15:54.040720+00:00
TX_1072,LOT_1072,PLASTIC_MIXED,Pune,37001,36990,445397,12041,11763,b70510f894ba0d7c,0.69,-15,2026-09-12T08:03:54.040720+00:00,2026-09-12T08:15:54.040720+00:00
TX_1073,LOT_1073,MOTOR,Jaipur,6718,6540,150708,23044,22793,2233212af5264ea2,1.39,-15,2026-08-21T07:59:54.040720+00:00,2026-08-21T08:15:54.040720+00:00
TX_1074,LOT_1074,PCB,Bengaluru,24649,25509,1036635,40638,39916,da72ab37d5d318cf,0.87,-15,2026-08-26T13:01:54.040720+00:00,2026-08-26T13:15:54.040720+00:00
TX_1075,LOT_1075,PLASTIC_MIXED,Delhi,14810,15296,178902,11696,11899,24a0aaadb436e8fb,0.63,-15,2026-08-26T12:07:54.040720+00:00,2026-08-26T12:15:54.040720+00:00
TX_1076,LOT_1076,PCB,Jaipur,28833,28463,1126594,39581,38923,ded7945e980b82cb,0.32,-15,2026-09-17T21:08:54.040720+00:00,2026-09-17T21:15:54.040720+00:00
TX_1077,LOT_1077,CABLE,Bengaluru,10258,9826,415001,42235,40566,784280712eb35f6a,1.14,-15,2026-09-13T20:57:54.040720+00:00,2026-09-13T21:15:54.040720+00:00
TX_1078,LOT_1078,CRT,Pune,27969,28591,142154,4972,4823,0f5c365a27e83b87,1.33,-15,2026-09-17T03:10:54.040720+00:00,2026-09-17T03:15:54.040720+00:00
TX_1079,LOT_1079,PCB,Nagpur,12375,12379,447389,36141,35736,420fd9a8d45b4e9b,1.39,-15,2026-09-07T15:56:54.040720+00:00,2026-09-07T16:15:54.040720+00:00
TX_1080,LOT_1080,CRT,Jaipur,15897,15776,73895,4684,4770,be3e14022008bd4c,0.4,-15,2026-08-24T12:58:54.040720+00:00,2026-08-24T13:15:54.040720+00:00
TX_1081,LOT_1081,PCB,Delhi,26709,25864,1081219,41804,42103,7a37f3d677eb6d89,0.54,-15,2026-09-13T11:08:54.040720+00:00,2026-09-13T11:15:54.040720+00:00
TX_1082,LOT_1082,PLASTIC_MIXED,Pune,11801,11275,133564,11846,11478,13eb43581ab9f662,0.61,-15,2026-09-07T17:04:54.040720+00:00,2026-09-07T17:15:54.040720+00:00
TX_1083,LOT_1083,LCD,Mumbai,16697,16333,309984,18979,18823,e8e13f98c1ab6398,0.53,-15,2026-08-23T09:04:54.040720+00:00,2026-08-23T09:15:54.040720+00:00
TX_1084,LOT_1084,MOTOR,Jaipur,3121,3040,70662,23244,22999,7bdac670ca4c3b4d,0.16,-15,2026-09-13T22:09:54.040720+00:00,2026-09-13T22:15:54.040720+00:00
TX_1085,LOT_1085,LCD,Mumbai,21224,20181,375952,18629,18350,c078bc3e50814407,0.65,-15,2026-09-01T15:58:54.040720+00:00,2026-09-01T16:15:54.040720+00:00
TX_1086,LOT_1086,LCD,Delhi,47049,47871,864072,18050,17782,2672a20cc66a5821,0.13,-15,2026-09-11T02:07:54.040720+00:00,2026-09-11T02:15:54.040720+00:00
TX_1087,LOT_1087,PLASTIC_MIXED,Pune,39427,40881,467883,11445,11419,e29cb897142925a0,0.98,-15,2026-08-27T12:06:54.040720+00:00,2026-08-27T12:15:54.040720+00:00
TX_1088,LOT_1088,MOTOR,Delhi,45660,46364,1214088,26186,25697,56ca0fb321962a11,0.51,-15,2026-08-27T11:00:54.040720+00:00,2026-08-27T11:15:54.040720+00:00
TX_1089,LOT_1089,PLASTIC_MIXED,Mumbai,47711,49019,610679,12458,12671,a0b6d26591206a37,1.49,-15,2026-08-29T12:08:54.040720+00:00,2026-08-29T12:15:54.040720+00:00
TX_1090,LOT_1090,BATTERY_LI,Mumbai,10346,10622,328220,30900,29559,2b729d66504fde7c,1.41,-15,2026-08-24T07:55:54.040720+00:00,2026-08-24T08:15:54.040720+00:00
TX_1091,LOT_1091,CABLE,Mumbai,19357,19505,908094,46557,46545,42089fc875f321cb,1.48,-15,2026-08-23T15:05:54.040720+00:00,2026-08-23T15:15:54.040720+00:00
TX_1092,LOT_1092,CRT,Pune,43617,45467,237338,5220,4973,496042b0dbe7a333,0.66,-15,2026-09-13T20:55:54.040720+00:00,2026-09-13T21:15:54.040720+00:00
TX_1093,LOT_1093,CABLE,Pune,25034,25065,1141986,45561,43549,8185716a69c718ee,0.73,-15,2026-09-02T23:59:54.040720+00:00,2026-09-03T00:15:54.040720+00:00
TX_1094,LOT_1094,PCB,Nagpur,43196,41283,1614330,39104,37572,4a68bbad1af4cf72,0.63,-15,2026-09-13T13:10:54.040720+00:00,2026-09-13T13:15:54.040720+00:00
TX_1095,LOT_1095,PLASTIC_MIXED,Mumbai,15617,15442,193828,12552,12334,88fd5890a479dce2,1.36,-15,2026-08-24T13:59:54.040720+00:00,2026-08-24T14:15:54.040720+00:00
TX_1096,LOT_1096,BATTERY_PB,Mumbai,6624,6412,142314,22195,21395,108134dc54270925,0.54,-15,2026-09-06T12:57:54.040720+00:00,2026-09-06T13:15:54.040720+00:00
TX_1097,LOT_1097,BATTERY_PB,Delhi,47025,48160,1039052,21575,21319,784fcb14f2d31a65,0.3,-15,2026-09-09T00:09:54.040720+00:00,2026-09-09T00:15:54.040720+00:00
TX_1098,LOT_1098,MOTOR,Bengaluru,38237,36445,901941,24748,25133,ca208c075c8aca1b,0.7,-15,2026-09-05T20:09:54.040720+00:00,2026-09-05T20:15:54.040720+00:00
TX_1099,LOT_1099,BATTERY_PB,Delhi,4544,4413,94301,21369,20678,15663d1a2d15420b,0.3,-15,2026-09-07T16:02:54.040720+00:00,2026-09-07T16:15:54.040720+00:00
TX_1100,LOT_1100,CRT,Pune,6354,6226,31790,5106,5090,2f1fc132426b2236,1.26,-15,2026-09-07T12:04:54.040720+00:00,2026-09-07T12:15:54.040720+00:00
TX_1101,LOT_1101,BATTERY_LI,Pune,23414,24499,720050,29391,29859,79ba547e7b4bcaf8,0.85,-15,2026-08-29T01:59:54.040720+00:00,2026-08-29T02:15:54.040720+00:00
TX_1102,LOT_1102,CABLE,Jaipur,29625,29195,1298944,44492,44014,98dd6c3ce4ceb832,0.38,-15,2026-09-06T05:10:54.040720+00:00,2026-09-06T05:15:54.040720+00:00
TX_1103,LOT_1103,CABLE,Bengaluru,44520,46685,2149191,46036,44219,ef0ec9cb756aae2d,0.31,-15,2026-09-03T03:10:54.040720+00:00,2026-09-03T03:15:54.040720+00:00
TX_1104,LOT_1104,LCD,Mumbai,45167,44744,847407,18939,19243,202f00a8db75dada,0.99,-15,2026-08-20T17:56:54.040720+00:00,2026-08-20T18:15:54.040720+00:00
TX_1105,LOT_1105,BATTERY_LI,Mumbai,15327,15704,479223,30516,30274,591c228f3754c5ec,0.39,-15,2026-09-12T22:05:54.040720+00:00,2026-09-12T22:15:54.040720+00:00
TX_1106,LOT_1106,MOTOR,Jaipur,38803,40569,971019,23935,23244,8088a7de4e954929,1.25,-15,2026-09-05T03:10:54.040720+00:00,2026-09-05T03:15:54.040720+00:00
TX_1107,LOT_1107,BATTERY_LI,Jaipur,33711,34213,991219,28972,28238,6d0473e78adf1e46,0.83,-15,2026-09-07T02:59:54.040720+00:00,2026-09-07T03:15:54.040720+00:00
TX_1108,LOT_1108,LCD,Mumbai,12522,12470,232690,18660,18436,48f7972661ae2255,1.28,-15,2026-09-13T05:05:54.040720+00:00,2026-09-13T05:15:54.040720+00:00
TX_1109,LOT_1109,PLASTIC_MIXED,Jaipur,19562,19957,242478,12150,12228,16f283191a936d0c,1.01,-15,2026-08-24T20:08:54.040720+00:00,2026-08-24T20:15:54.040720+00:00
TX_1110,LOT_1110,PLASTIC_MIXED,Mumbai,33532,34370,438424,12756,12684,94cbb94e80dc4cf9,1.23,-15,2026-09-12T20:07:54.040720+00:00,2026-09-12T20:15:54.040720+00:00
TX_1111,LOT_1111,CRT,Pune,14885,14473,72032,4977,4796,f35757c578360477,0.27,-15,2026-09-05T21:07:54.040720+00:00,2026-09-05T21:15:54.040720+00:00
TX_1112,LOT_1112,BATTERY_PB,Pune,43261,44143,994586,22531,22638,489a4ca481ef8162,0.47,-15,2026-08-20T21:59:54.040720+00:00,2026-08-20T22:15:54.040720+00:00
TX_1113,LOT_1113,CRT,Bengaluru,28178,28666,133498,4657,4429,ca5edf3827439b53,0.62,-15,2026-09-07T07:09:54.040720+00:00,2026-09-07T07:15:54.040720+00:00
TX_1114,LOT_1114,LCD,Bengaluru,12168,12727,235564,18509,17833,64b078a7a4f9a67f,1.26,-15,2026-08-30T21:58:54.040720+00:00,2026-08-30T22:15:54.040720+00:00
TX_1115,LOT_1115,PLASTIC_MIXED,Delhi,42698,42230,528677,12519,12346,3b20d1546ff98cf7,0.24,-15,2026-09-06T19:00:54.040720+00:00,2026-09-06T19:15:54.040720+00:00
TX_1116,LOT_1116,CABLE,Nagpur,8757,8872,390057,43965,44344,f2de05fd28b7b541,0.55,-15,2026-09-16T09:02:54.040720+00:00,2026-09-16T09:15:54.040720+00:00
TX_1117,LOT_1117,BATTERY_LI,Mumbai,2680,2663,84966,31906,30373,8b2e1eb3b523b1f3,1.39,-15,2026-09-14T22:06:54.040720+00:00,2026-09-14T22:15:54.040720+00:00
TX_1118,LOT_1118,BATTERY_LI,Nagpur,26061,24824,724042,29167,28090,e5dd614ca70bba9c,0.41,-15,2026-09-08T22:59:54.040720+00:00,2026-09-08T23:15:54.040720+00:00
TX_1119,LOT_1119,MOTOR,Nagpur,17072,17458,427354,24479,24385,153d165346641858,1.41,-15,2026-09-05T18:02:54.040720+00:00,2026-09-05T18:15:54.040720+00:00
TX_1120,LOT_1120,PCB,Jaipur,38968,40398,1506441,37290,35705,4312153d484f7f7c,1.35,-15,2026-09-15T01:07:54.040720+00:00,2026-09-15T01:15:54.040720+00:00
TX_1121,LOT_1121,BATTERY_LI,Mumbai,33390,34541,1132945,32800,31391,059ef8d8cba20d38,0.68,-15,2026-08-29T10:58:54.040720+00:00,2026-08-29T11:15:54.040720+00:00
TX_1122,LOT_1122,BATTERY_PB,Jaipur,6001,5827,123352,21169,21309,4c7b34e22e07cb63,0.11,-15,2026-09-02T23:56:54.040720+00:00,2026-09-03T00:15:54.040720+00:00
TX_1123,LOT_1123,CABLE,Jaipur,38178,38679,1748252,45199,46083,feb2d1727be19731,0.96,-15,2026-08-25T15:00:54.040720+00:00,2026-08-25T15:15:54.040720+00:00
TX_1124,LOT_1124,PCB,Delhi,35193,36044,1533312,42540,42009,8301b3a6849b50bc,1.17,-15,2026-08-28T20:10:54.040720+00:00,2026-08-28T20:15:54.040720+00:00
TX_1125,LOT_1125,MOTOR,Bengaluru,8522,8862,206901,23347,22316,f099e2b6b10ccf77,0.28,-15,2026-08-26T12:03:54.040720+00:00,2026-08-26T12:15:54.040720+00:00
TX_1126,LOT_1126,CRT,Pune,14057,14694,72353,4924,4839,7eecdc53cf1b6490,0.71,-15,2026-09-13T03:01:54.040720+00:00,2026-09-13T03:15:54.040720+00:00
TX_1127,LOT_1127,PLASTIC_MIXED,Delhi,17390,16821,209741,12469,11935,c435fe28cb0c1709,0.92,-15,2026-09-01T13:58:54.040720+00:00,2026-09-01T14:15:54.040720+00:00
TX_1128,LOT_1128,CABLE,Delhi,48320,48261,2299974,47657,47996,1b88fe699f7717ca,0.95,-15,2026-09-07T16:02:54.040720+00:00,2026-09-07T16:15:54.040720+00:00
TX_1129,LOT_1129,PLASTIC_MIXED,Delhi,38168,37607,478624,12727,12240,f545dfb308a47ee1,0.82,-15,2026-08-23T07:56:54.040720+00:00,2026-08-23T08:15:54.040720+00:00
TX_1130,LOT_1130,PLASTIC_MIXED,Bengaluru,40576,41902,499933,11931,11667,2e0e343d1d59b308,1.23,-15,2026-09-12T05:59:54.040720+00:00,2026-09-12T06:15:54.040720+00:00
TX_1131,LOT_1131,PLASTIC_MIXED,Delhi,24445,23822,283267,11891,11417,1f4f4a0f507ffc32,0.11,-15,2026-09-05T10:59:54.040720+00:00,2026-09-05T11:15:54.040720+00:00
TX_1132,LOT_1132,PCB,Jaipur,22552,21906,855692,39062,38645,489af19562b61594,0.94,-15,2026-09-03T08:03:54.040720+00:00,2026-09-03T08:15:54.040720+00:00
TX_1133,LOT_1133,MOTOR,Mumbai,37762,36924,979704,26533,26272,6bf7d125a571f542,1.05,-15,2026-09-18T06:08:54.040720+00:00,2026-09-18T06:15:54.040720+00:00
TX_1134,LOT_1134,PLASTIC_MIXED,Bengaluru,21979,21316,239379,11230,10705,6bd6344346401757,0.27,-15,2026-09-10T15:55:54.040720+00:00,2026-09-10T16:15:54.040720+00:00
TX_1135,LOT_1135,BATTERY_PB,Delhi,40415,39715,880760,22177,21511,c886b7c6a4c755b0,1.3,-15,2026-09-14T05:10:54.040720+00:00,2026-09-14T05:15:54.040720+00:00
TX_1136,LOT_1136,PCB,Pune,19636,18912,791789,41867,40762,11c7beb2042a6bd7,0.76,-15,2026-08-22T04:09:54.040720+00:00,2026-08-22T04:15:54.040720+00:00
TX_1137,LOT_1137,PLASTIC_MIXED,Jaipur,20726,20259,241791,11935,11803,7e6ae55c502c36f1,0.96,-15,2026-09-06T16:08:54.040720+00:00,2026-09-06T16:15:54.040720+00:00
TX_1138,LOT_1138,PLASTIC_MIXED,Bengaluru,46643,48900,574673,11752,11858,9e33bdbcf00d5a65,0.24,-15,2026-09-16T23:07:54.040720+00:00,2026-09-16T23:15:54.040720+00:00
TX_1139,LOT_1139,MOTOR,Mumbai,1681,1620,44625,27546,26497,b95f22d530efd76b,1.36,-15,2026-09-08T05:03:54.040720+00:00,2026-09-08T05:15:54.040720+00:00
TX_1140,LOT_1140,LCD,Nagpur,1323,1380,24466,17729,16980,4de5f4aff27815f6,0.21,-15,2026-08-31T16:09:54.040720+00:00,2026-08-31T16:15:54.040720+00:00
TX_1141,LOT_1141,LCD,Jaipur,41157,42357,730658,17250,17092,205474fa1eb1dc0c,0.55,-15,2026-08-27T21:06:54.040720+00:00,2026-08-27T21:15:54.040720+00:00
TX_1142,LOT_1142,CABLE,Nagpur,28085,28469,1237519,43469,43054,7d7771f8a948ec66,1.47,-15,2026-09-11T21:03:54.040720+00:00,2026-09-11T21:15:54.040720+00:00
TX_1143,LOT_1143,LCD,Jaipur,32634,31739,541086,17048,16617,df748fb5d5e6162f,0.44,-15,2026-09-02T06:08:54.040720+00:00,2026-09-02T06:15:54.040720+00:00
TX_1144,LOT_1144,MOTOR,Jaipur,6112,5852,141835,24237,24163,d189f75077d8b428,0.64,-15,2026-08-29T16:10:54.040720+00:00,2026-08-29T16:15:54.040720+00:00
TX_1145,LOT_1145,BATTERY_PB,Mumbai,23311,22632,527529,23309,23384,b56110f64fd3ca88,0.74,-15,2026-09-12T03:00:54.040720+00:00,2026-09-12T03:15:54.040720+00:00
TX_1146,LOT_1146,CABLE,Nagpur,7924,8252,342854,41548,42306,9ed7a652de2bfe58,0.82,-15,2026-09-05T02:58:54.040720+00:00,2026-09-05T03:15:54.040720+00:00
TX_1147,LOT_1147,PLASTIC_MIXED,Delhi,5498,5376,63593,11829,11360,1b6fb706e04e6585,1.14,-15,2026-09-02T17:07:54.040720+00:00,2026-09-02T17:15:54.040720+00:00
TX_1148,LOT_1148,MOTOR,Mumbai,31202,30225,756018,25013,24379,ed4b229f1e4aa016,0.87,-15,2026-09-17T19:56:54.040720+00:00,2026-09-17T20:15:54.040720+00:00
TX_1149,LOT_1149,LCD,Pune,14897,14377,258844,18004,17171,5ea9f25945c86249,0.24,-15,2026-09-11T07:00:54.040720+00:00,2026-09-11T07:15:54.040720+00:00
TX_1150,LOT_1150,PLASTIC_MIXED,Jaipur,28694,27816,313737,11279,11133,84c42de17e5da21a,0.71,-15,2026-08-28T03:02:54.040720+00:00,2026-08-28T03:15:54.040720+00:00
TX_1151,LOT_1151,PCB,Jaipur,17314,18109,682927,37712,37345,10db5fdc3d1fd7c0,0.84,-15,2026-08-22T21:09:54.040720+00:00,2026-08-22T21:15:54.040720+00:00
TX_1152,LOT_1152,CRT,Delhi,41646,42477,214551,5051,4876,e128b9a8d2f629ca,1.07,-15,2026-09-06T09:07:54.040720+00:00,2026-09-06T09:15:54.040720+00:00
TX_1153,LOT_1153,BATTERY_PB,Delhi,12208,12557,277485,22098,22128,2f615360182047f7,0.8,-15,2026-09-01T21:01:54.040720+00:00,2026-09-01T21:15:54.040720+00:00
TX_1154,LOT_1154,BATTERY_PB,Jaipur,21009,21750,472867,21741,21691,2ff5cdab2aa946d4,0.57,-15,2026-08-27T21:00:54.040720+00:00,2026-08-27T21:15:54.040720+00:00
TX_1155,LOT_1155,BATTERY_PB,Delhi,1834,1864,41526,22278,22684,13b4c4f6e19a17f6,0.34,-15,2026-08-21T12:05:54.040720+00:00,2026-08-21T12:15:54.040720+00:00
TX_1156,LOT_1156,PCB,Nagpur,24078,25209,965908,38316,37668,d1a529db0b90b03d,0.12,-15,2026-09-10T11:03:54.040720+00:00,2026-09-10T11:15:54.040720+00:00
TX_1157,LOT_1157,CRT,Delhi,35424,35435,185325,5230,5080,55eef366bc76b752,0.73,-15,2026-08-24T15:07:54.040720+00:00,2026-08-24T15:15:54.040720+00:00
TX_1158,LOT_1158,LCD,Nagpur,17865,18157,302841,16679,16811,b5ccdbe64d171ebc,0.57,-15,2026-09-09T04:10:54.040720+00:00,2026-09-09T04:15:54.040720+00:00
TX_1159,LOT_1159,BATTERY_PB,Mumbai,18690,19037,449787,23627,24064,3862abcfdb3437bb,1.02,-15,2026-08-21T12:06:54.040720+00:00,2026-08-21T12:15:54.040720+00:00
TX_1160,LOT_1160,CABLE,Bengaluru,33625,32048,1424277,44442,42862,319fa2f716daa8f5,1.39,-15,2026-09-07T23:59:54.040720+00:00,2026-09-08T00:15:54.040720+00:00
TX_1161,LOT_1161,PLASTIC_MIXED,Jaipur,8073,8449,102055,12079,12310,86e35e9be0479ecb,0.34,-15,2026-09-18T13:56:54.040720+00:00,2026-09-18T14:15:54.040720+00:00
TX_1162,LOT_1162,LCD,Bengaluru,26626,26863,494951,18425,17750,8523d070945b3711,1.08,-15,2026-09-01T09:01:54.040720+00:00,2026-09-01T09:15:54.040720+00:00
TX_1163,LOT_1163,BATTERY_LI,Pune,30820,31025,957990,30878,29572,7fb9ae4902223c10,1.4,-15,2026-09-04T10:01:54.040720+00:00,2026-09-04T10:15:54.040720+00:00
TX_1164,LOT_1164,CABLE,Pune,45624,44028,2073719,47100,45746,108ab4de49cb6790,1.22,-15,2026-09-16T05:05:54.040720+00:00,2026-09-16T05:15:54.040720+00:00
TX_1165,LOT_1165,PCB,Pune,3683,3579,147820,41302,40649,6e29a319014d9829,0.59,-15,2026-08-25T21:09:54.040720+00:00,2026-08-25T21:15:54.040720+00:00
TX_1166,LOT_1166,PCB,Mumbai,17477,16844,734247,43591,44321,454a8e82b69415c7,0.3,-15,2026-09-11T01:06:54.040720+00:00,2026-09-11T01:15:54.040720+00:00
TX_1167,LOT_1167,MOTOR,Pune,39353,40999,1003533,24477,24852,cfcc2abd3facabcc,1.05,-15,2026-08-21T22:55:54.040720+00:00,2026-08-21T23:15:54.040720+00:00
TX_1168,LOT_1168,PLASTIC_MIXED,Pune,27156,28424,327388,11518,11423,905c3fd92c5d849c,0.71,-15,2026-08-31T18:01:54.040720+00:00,2026-08-31T18:15:54.040720+00:00
TX_1169,LOT_1169,LCD,Nagpur,10121,10307,170952,16586,16400,4e1439774d126ab1,0.22,-15,2026-08-26T08:57:54.040720+00:00,2026-08-26T09:15:54.040720+00:00
TX_1170,LOT_1170,BATTERY_PB,Nagpur,13017,12856,278795,21686,20812,b1b2b9c67120721e,0.54,-15,2026-09-08T06:07:54.040720+00:00,2026-09-08T06:15:54.040720+00:00
TX_1171,LOT_1171,LCD,Pune,24212,24037,429229,17857,16999,06c3998e8f14aac7,1.44,-15,2026-09-07T02:56:54.040720+00:00,2026-09-07T03:15:54.040720+00:00
TX_1172,LOT_1172,PLASTIC_MIXED,Mumbai,10213,10331,127598,12351,11843,e660a8e08b13b689,0.89,-15,2026-08-30T22:59:54.040720+00:00,2026-08-30T23:15:54.040720+00:00
TX_1173,LOT_1173,CRT,Mumbai,26733,25733,137388,5339,5386,0e00583d15ac37f0,0.48,-15,2026-09-09T07:56:54.040720+00:00,2026-09-09T08:15:54.040720+00:00
TX_1174,LOT_1174,BATTERY_LI,Bengaluru,39950,38342,1103636,28784,29086,bd8fa26f1f16de17,0.92,-15,2026-09-10T04:00:54.040720+00:00,2026-09-10T04:15:54.040720+00:00
TX_1175,LOT_1175,PCB,Jaipur,14439,14462,564611,39041,37700,a3c14a53acf96a12,1.29,-15,2026-09-10T18:06:54.040720+00:00,2026-09-10T18:15:54.040720+00:00
TX_1176,LOT_1176,CRT,Jaipur,21374,21842,110564,5062,4850,272c74820002572a,0.95,-15,2026-09-10T07:04:54.040720+00:00,2026-09-10T07:15:54.040720+00:00
TX_1177,LOT_1177,BATTERY_LI,Nagpur,7348,7162,196024,27370,26750,1f2f087ded113faf,0.52,-15,2026-08-21T15:56:54.040720+00:00,2026-08-21T16:15:54.040720+00:00
TX_1178,LOT_1178,BATTERY_PB,Delhi,16396,16956,382273,22545,22774,1f89cec29dfe19d2,0.71,-15,2026-09-15T17:56:54.040720+00:00,2026-09-15T18:15:54.040720+00:00
TX_1179,LOT_1179,PCB,Delhi,10285,10613,439824,41442,40751,4a1954ec4a3fcfda,1.03,-15,2026-08-27T21:04:54.040720+00:00,2026-08-27T21:15:54.040720+00:00
TX_1180,LOT_1180,BATTERY_PB,Bengaluru,44758,43752,932530,21314,20870,25ee3dfd6cc1da4d,0.14,-15,2026-08-25T03:56:54.040720+00:00,2026-08-25T04:15:54.040720+00:00
TX_1181,LOT_1181,BATTERY_PB,Mumbai,37976,37556,874529,23286,22191,5acf614ae834fb5b,1.45,-15,2026-08-22T00:56:54.040720+00:00,2026-08-22T01:15:54.040720+00:00
TX_1182,LOT_1182,BATTERY_PB,Jaipur,31038,30346,678779,22368,21796,866a0c09b4cb22f4,0.65,-15,2026-09-04T21:04:54.040720+00:00,2026-09-04T21:15:54.040720+00:00
TX_1183,LOT_1183,BATTERY_LI,Delhi,43986,42453,1319312,31077,30523,c964f746dbd165a3,0.3,-15,2026-09-13T15:00:54.040720+00:00,2026-09-13T15:15:54.040720+00:00
TX_1184,LOT_1184,CRT,Pune,5470,5698,28906,5073,5034,937749f62e2d0681,1.09,-15,2026-09-05T15:55:54.040720+00:00,2026-09-05T16:15:54.040720+00:00
TX_1185,LOT_1185,CRT,Delhi,46728,45906,244771,5332,5091,da1eb729078ebe4e,1.13,-15,2026-09-04T10:58:54.040720+00:00,2026-09-04T11:15:54.040720+00:00
TX_1186,LOT_1186,MOTOR,Mumbai,44598,42842,1173442,27390,27477,c590f851fb385671,1.23,-15,2026-09-09T22:00:54.040720+00:00,2026-09-09T22:15:54.040720+00:00
TX_1187,LOT_1187,MOTOR,Mumbai,12403,12686,329151,25946,24761,1d4e2772401fb5a6,0.15,-15,2026-09-07T13:08:54.040720+00:00,2026-09-07T13:15:54.040720+00:00
TX_1188,LOT_1188,BATTERY_LI,Pune,25531,25803,800461,31022,29705,60ac4a6473131038,0.29,-15,2026-08-28T01:00:54.040720+00:00,2026-08-28T01:15:54.040720+00:00
TX_1189,LOT_1189,MOTOR,Delhi,17547,17531,455035,25956,26007,d057ab856f1ec0de,0.84,-15,2026-08-30T05:04:54.040720+00:00,2026-08-30T05:15:54.040720+00:00
TX_1190,LOT_1190,MOTOR,Mumbai,39149,37286,1023762,27457,26148,e4aeb85f23fbe8f2,0.11,-15,2026-08-24T17:04:54.040720+00:00,2026-08-24T17:15:54.040720+00:00
TX_1191,LOT_1191,PLASTIC_MIXED,Nagpur,36820,38162,428101,11218,10806,9203c5d2351d1137,1.26,-15,2026-09-18T16:55:54.040720+00:00,2026-09-18T17:15:54.040720+00:00
TX_1192,LOT_1192,LCD,Bengaluru,41532,43192,788815,18263,17896,dfbcf340604948be,0.2,-15,2026-08-23T10:56:54.040720+00:00,2026-08-23T11:15:54.040720+00:00
TX_1193,LOT_1193,BATTERY_LI,Delhi,34898,34194,1006364,29431,29199,05c5581054b728fa,0.41,-15,2026-08-30T11:09:54.040720+00:00,2026-08-30T11:15:54.040720+00:00
TX_1194,LOT_1194,CRT,Bengaluru,26586,27126,127167,4688,4478,3dcc4915934a85d9,1.29,-15,2026-08-27T08:01:54.040720+00:00,2026-08-27T08:15:54.040720+00:00
TX_1195,LOT_1195,CRT,Pune,41543,39701,202435,5099,5178,43577225fc24a159,1.01,-15,2026-08-25T07:55:54.040720+00:00,2026-08-25T08:15:54.040720+00:00
TX_1196,LOT_1196,PCB,Bengaluru,28617,27933,1076845,38551,37175,bbdf144cd11756d5,0.56,-15,2026-08-23T03:06:54.040720+00:00,2026-08-23T03:15:54.040720+00:00
TX_1197,LOT_1197,PCB,Delhi,33345,31921,1360728,42628,41529,f32d2812121d87ac,0.68,-15,2026-09-15T15:09:54.040720+00:00,2026-09-15T15:15:54.040720+00:00
TX_1198,LOT_1198,BATTERY_LI,Nagpur,32376,33822,941807,27846,26523,39a9a8a981f25a73,1.01,-15,2026-08-22T09:07:54.040720+00:00,2026-08-22T09:15:54.040720+00:00
TX_1199,LOT_1199,PLASTIC_MIXED,Pune,20884,21472,267369,12452,12641,c60b846e06bf1fb7,1.19,-15,2026-08-30T08:10:54.040720+00:00,2026-08-30T08:15:54.040720+00:00
TX_1200,LOT_1200,MOTOR,Nagpur,40854,42326,1023527,24182,23061,60920068c403b430,1.07,-15,2026-08-21T08:55:54.040720+00:00,2026-08-21T09:15:54.040720+00:00
TX_1201,LOT_1201,PLASTIC_MIXED,Jaipur,28972,29116,325895,11193,10909,6fc0174f57d714f1,1.39,-15,2026-08-25T14:59:54.040720+00:00,2026-08-25T15:15:54.040720+00:00
TX_1202,LOT_1202,MOTOR,Delhi,7028,7090,175860,24804,25284,df8db15703d06453,1.11,-15,2026-09-12T12:09:54.040720+00:00,2026-09-12T12:15:54.040720+00:00
TX_1203,LOT_1203,PCB,Mumbai,4712,4536,184425,40658,39620,e3f2df80a7bbc612,0.44,-15,2026-08-22T11:00:54.040720+00:00,2026-08-22T11:15:54.040720+00:00
TX_1204,LOT_1204,CRT,Delhi,40722,40306,208785,5180,4949,8b2c65b5f0390686,0.39,-15,2026-09-17T15:08:54.040720+00:00,2026-09-17T15:15:54.040720+00:00
TX_1205,LOT_1205,LCD,Delhi,30067,30708,588672,19170,19378,86df42bd3e84455f,1.35,-15,2026-09-13T03:01:54.040720+00:00,2026-09-13T03:15:54.040720+00:00
TX_1206,LOT_1206,LCD,Jaipur,36482,36495,608773,16681,16174,e97c0ea5341c2d10,0.29,-15,2026-09-07T02:55:54.040720+00:00,2026-09-07T03:15:54.040720+00:00
TX_1207,LOT_1207,MOTOR,Bengaluru,49621,49884,1176065,23576,24011,70b6052fb2c68986,1.01,-15,2026-08-26T16:09:54.040720+00:00,2026-08-26T16:15:54.040720+00:00
TX_1208,LOT_1208,BATTERY_PB,Mumbai,2395,2395,52745,22023,21385,15a15a52f710900b,0.18,-15,2026-09-01T10:58:54.040720+00:00,2026-09-01T11:15:54.040720+00:00
TX_1209,LOT_1209,PLASTIC_MIXED,Pune,2235,2316,27472,11862,11440,a8f0e3e02f369832,0.7,-15,2026-08-22T12:03:54.040720+00:00,2026-08-22T12:15:54.040720+00:00
TX_1210,LOT_1210,PCB,Jaipur,20998,20014,796957,39820,40401,43355860e84e9da0,1.23,-15,2026-08-21T17:00:54.040720+00:00,2026-08-21T17:15:54.040720+00:00
TX_1211,LOT_1211,MOTOR,Mumbai,23344,23871,634229,26569,26742,635b36bd8da4afbe,1.43,-15,2026-09-07T20:09:54.040720+00:00,2026-09-07T20:15:54.040720+00:00
TX_1212,LOT_1212,CRT,Nagpur,31376,31137,151139,4854,4667,77a319c6619c4a06,1.14,-15,2026-09-11T18:02:54.040720+00:00,2026-09-11T18:15:54.040720+00:00
TX_1213,LOT_1213,MOTOR,Delhi,1995,1951,50660,25966,26483,8af53d42c5767c74,0.51,-15,2026-09-01T07:08:54.040720+00:00,2026-09-01T07:15:54.040720+00:00
TX_1214,LOT_1214,PLASTIC_MIXED,Mumbai,41340,40407,497370,12309,11801,a928a5b291855abd,0.55,-15,2026-08-31T07:10:54.040720+00:00,2026-08-31T07:15:54.040720+00:00
TX_1215,LOT_1215,CRT,Delhi,30085,29973,151933,5069,5158,a34321bf7aeee7df,1.28,-15,2026-09-09T12:09:54.040720+00:00,2026-09-09T12:15:54.040720+00:00
TX_1216,LOT_1216,MOTOR,Pune,4839,4878,116823,23949,24350,2e07a11f70c0a4f6,0.46,-15,2026-09-15T15:00:54.040720+00:00,2026-09-15T15:15:54.040720+00:00
TX_1217,LOT_1217,CRT,Bengaluru,33435,32189,159786,4964,4797,09db40a9a793eb81,0.36,-15,2026-08-26T21:09:54.040720+00:00,2026-08-26T21:15:54.040720+00:00
TX_1218,LOT_1218,BATTERY_PB,Nagpur,21796,20798,444120,21354,21744,adaad2f90420521e,1.28,-15,2026-08-23T05:02:54.040720+00:00,2026-08-23T05:15:54.040720+00:00
TX_1219,LOT_1219,LCD,Nagpur,48075,45886,763818,16646,16404,82d339481cf98855,0.21,-15,2026-08-25T06:08:54.040720+00:00,2026-08-25T06:15:54.040720+00:00
TX_1220,LOT_1220,MOTOR,Bengaluru,38379,37885,958150,25291,25163,4878383ae037e953,0.3,-15,2026-09-07T08:08:54.040720+00:00,2026-09-07T08:15:54.040720+00:00
TX_1221,LOT_1221,LCD,Nagpur,24611,24205,410105,16943,16654,4b47b715f9375fff,0.97,-15,2026-09-17T09:59:54.040720+00:00,2026-09-17T10:15:54.040720+00:00
TX_1222,LOT_1222,CABLE,Bengaluru,3923,3841,163461,42557,40746,cedb5488362387b4,0.54,-15,2026-09-14T20:10:54.040720+00:00,2026-09-14T20:15:54.040720+00:00
TX_1223,LOT_1223,LCD,Delhi,25827,26681,466971,17502,17561,1414f827a632c350,1.44,-15,2026-08-26T23:58:54.040720+00:00,2026-08-27T00:15:54.040720+00:00
TX_1224,LOT_1224,MOTOR,Nagpur,33997,35689,858677,24060,24285,cc5732f2871b0b1f,0.17,-15,2026-09-07T11:07:54.040720+00:00,2026-09-07T11:15:54.040720+00:00
TX_1225,LOT_1225,BATTERY_PB,Jaipur,35370,35442,742474,20949,21238,3e3a0dfc5424aae4,1.22,-15,2026-08-28T22:01:54.040720+00:00,2026-08-28T22:15:54.040720+00:00
TX_1226,LOT_1226,LCD,Delhi,30872,30300,582578,19227,19252,68f0e5f2e1568ad3,0.61,-15,2026-08-30T20:56:54.040720+00:00,2026-08-30T21:15:54.040720+00:00
TX_1227,LOT_1227,LCD,Nagpur,34137,32691,551334,16865,16552,3ad1c48f6b39c4dc,0.9,-15,2026-09-10T06:03:54.040720+00:00,2026-09-10T06:15:54.040720+00:00
TX_1228,LOT_1228,CABLE,Nagpur,17052,17523,742187,42355,42033,49714ec3cbbd3732,0.58,-15,2026-09-14T13:06:54.040720+00:00,2026-09-14T13:15:54.040720+00:00
TX_1229,LOT_1229,BATTERY_LI,Mumbai,27771,27552,909822,33022,32833,32b6f533c5cc0fb0,1.36,-15,2026-09-14T03:55:54.040720+00:00,2026-09-14T04:15:54.040720+00:00
TX_1230,LOT_1230,BATTERY_PB,Mumbai,11929,11477,258841,22553,22598,de94da10205b9db8,0.15,-15,2026-09-13T05:55:54.040720+00:00,2026-09-13T06:15:54.040720+00:00
TX_1231,LOT_1231,PLASTIC_MIXED,Mumbai,46222,44683,538966,12062,12222,20a0c2445ab7d8b2,0.66,-15,2026-09-11T13:58:54.040720+00:00,2026-09-11T14:15:54.040720+00:00
TX_1232,LOT_1232,MOTOR,Jaipur,20227,19456,490564,25214,25708,12e1725b0b94b2ab,1.13,-15,2026-09-03T23:07:54.040720+00:00,2026-09-03T23:15:54.040720+00:00
TX_1233,LOT_1233,LCD,Pune,27796,28160,519073,18433,18489,22758233b33aa6b9,1.13,-15,2026-09-08T05:01:54.040720+00:00,2026-09-08T05:15:54.040720+00:00
TX_1234,LOT_1234,BATTERY_LI,Delhi,1510,1524,46028,30202,29494,2d3dab8a70473d9d,0.81,-15,2026-09-17T06:56:54.040720+00:00,2026-09-17T07:15:54.040720+00:00
TX_1235,LOT_1235,CRT,Mumbai,16221,15892,82114,5167,5012,518e58fd62524390,1.16,-15,2026-09-13T15:57:54.040720+00:00,2026-09-13T16:15:54.040720+00:00
TX_1236,LOT_1236,CABLE,Mumbai,49144,51023,2466503,48341,47870,507a61a99d8feee1,0.24,-15,2026-09-07T23:02:54.040720+00:00,2026-09-07T23:15:54.040720+00:00
TX_1237,LOT_1237,CRT,Delhi,8769,8583,43713,5093,4941,4269f091eaedeed7,1.48,-15,2026-08-30T04:05:54.040720+00:00,2026-08-30T04:15:54.040720+00:00
TX_1238,LOT_1238,BATTERY_LI,Delhi,44675,43686,1282796,29364,27952,0a2cbb1be70cf274,1.44,-15,2026-09-13T04:05:54.040720+00:00,2026-09-13T04:15:54.040720+00:00
TX_1239,LOT_1239,MOTOR,Mumbai,33005,34102,852721,25005,25403,6d2f458d9237e145,1.12,-15,2026-08-29T07:01:54.040720+00:00,2026-08-29T07:15:54.040720+00:00
TX_1240,LOT_1240,CABLE,Pune,20329,21179,973662,45973,46535,4357ac517e45fee4,0.22,-15,2026-08-25T16:56:54.040720+00:00,2026-08-25T17:15:54.040720+00:00
TX_1241,LOT_1241,CABLE,Bengaluru,48948,49774,2297866,46166,46208,281f45ff53bddb05,0.81,-15,2026-08-23T23:03:54.040720+00:00,2026-08-23T23:15:54.040720+00:00
TX_1242,LOT_1242,CRT,Pune,42328,43325,220351,5086,5149,6ef1d60c09d1c11f,0.24,-15,2026-08-23T18:00:54.040720+00:00,2026-08-23T18:15:54.040720+00:00
TX_1243,LOT_1243,LCD,Delhi,37580,38186,727558,19053,18428,604f3c8d961a9968,1.32,-15,2026-08-22T03:10:54.040720+00:00,2026-08-22T03:15:54.040720+00:00
TX_1244,LOT_1244,MOTOR,Jaipur,13823,13499,315944,23405,22698,a280771032d5ad87,1.33,-15,2026-08-28T13:55:54.040720+00:00,2026-08-28T14:15:54.040720+00:00
TX_1245,LOT_1245,MOTOR,Mumbai,29463,28188,744220,26402,25154,4358ce3fb01f90e7,0.96,-15,2026-08-29T12:05:54.040720+00:00,2026-08-29T12:15:54.040720+00:00
TX_1246,LOT_1246,MOTOR,Jaipur,23852,23814,586563,24631,24849,4ac81bdae0028f9a,1.04,-15,2026-08-28T07:01:54.040720+00:00,2026-08-28T07:15:54.040720+00:00
TX_1247,LOT_1247,BATTERY_PB,Jaipur,26703,26964,577919,21433,20690,e18258d2f681db3f,1.36,-15,2026-09-02T05:07:54.040720+00:00,2026-09-02T05:15:54.040720+00:00
TX_1248,LOT_1248,CRT,Pune,30305,29776,151292,5081,4992,a91decb251a3d21b,0.26,-15,2026-08-25T13:05:54.040720+00:00,2026-08-25T13:15:54.040720+00:00
TX_1249,LOT_1249,PLASTIC_MIXED,Jaipur,9392,9649,112131,11621,11599,4a7a677b076a16e7,0.48,-15,2026-09-10T10:57:54.040720+00:00,2026-09-10T11:15:54.040720+00:00
TX_1250,LOT_1250,MOTOR,Pune,4984,5015,123158,24558,24037,7123bc96cf1ca021,0.7,-15,2026-09-18T10:00:54.040720+00:00,2026-09-18T10:15:54.040720+00:00
TX_1251,LOT_1251,CRT,Mumbai,18584,18557,94678,5102,4957,38a7c67868e968cf,0.9,-15,2026-09-16T18:09:54.040720+00:00,2026-09-16T18:15:54.040720+00:00
TX_1252,LOT_1252,CABLE,Nagpur,14513,14919,612932,41084,39401,051978bf8a2e30d6,1.43,-15,2026-09-15T19:00:54.040720+00:00,2026-09-15T19:15:54.040720+00:00
TX_1253,LOT_1253,PCB,Pune,6914,7108,279579,39333,39170,35e0edd684c62e4b,0.61,-15,2026-09-04T16:08:54.040720+00:00,2026-09-04T16:15:54.040720+00:00
TX_1254,LOT_1254,MOTOR,Delhi,36107,35730,930945,26055,26413,69d445f354dd528c,0.4,-15,2026-09-02T00:05:54.040720+00:00,2026-09-02T00:15:54.040720+00:00
TX_1255,LOT_1255,MOTOR,Mumbai,3364,3480,93682,26920,26519,7c226735ca957c2e,0.16,-15,2026-09-12T02:07:54.040720+00:00,2026-09-12T02:15:54.040720+00:00
TX_1256,LOT_1256,CRT,Bengaluru,2588,2518,12673,5033,4877,d0207ede1fa70e6b,1.2,-15,2026-08-31T04:09:54.040720+00:00,2026-08-31T04:15:54.040720+00:00
TX_1257,LOT_1257,PLASTIC_MIXED,Delhi,49531,51396,651855,12683,12497,c32bba73b417dee1,1.13,-15,2026-08-23T21:08:54.040720+00:00,2026-08-23T21:15:54.040720+00:00
TX_1258,LOT_1258,PCB,Mumbai,49670,51310,2177596,42440,42504,6420b22acae9250b,0.37,-15,2026-08-27T02:07:54.040720+00:00,2026-08-27T02:15:54.040720+00:00
TX_1259,LOT_1259,CRT,Bengaluru,28862,28898,134838,4666,4499,f821947c43a7320c,1.02,-15,2026-09-01T06:56:54.040720+00:00,2026-09-01T07:15:54.040720+00:00
TX_1260,LOT_1260,BATTERY_PB,Pune,20086,19944,426582,21389,21043,b3efe892e85cc863,0.85,-15,2026-09-06T23:02:54.040720+00:00,2026-09-06T23:15:54.040720+00:00
TX_1261,LOT_1261,MOTOR,Pune,2128,2233,57096,25569,25100,f9a6174493efe8f0,0.13,-15,2026-09-05T12:07:54.040720+00:00,2026-09-05T12:15:54.040720+00:00
TX_1262,LOT_1262,MOTOR,Pune,25236,25177,604802,24022,23063,f9cf2bd2a1420851,0.22,-15,2026-09-02T21:00:54.040720+00:00,2026-09-02T21:15:54.040720+00:00
TX_1263,LOT_1263,CABLE,Delhi,33100,33409,1469662,43990,43402,910f445dd6f34d9b,1.16,-15,2026-09-06T18:55:54.040720+00:00,2026-09-06T19:15:54.040720+00:00
TX_1264,LOT_1264,PCB,Pune,17516,17362,711182,40962,39836,9946601e90b84f94,0.67,-15,2026-08-27T01:09:54.040720+00:00,2026-08-27T01:15:54.040720+00:00
TX_1265,LOT_1265,PCB,Bengaluru,46245,44900,1771080,39445,38337,3c5969c6a6ea0997,0.55,-15,2026-09-10T10:55:54.040720+00:00,2026-09-10T11:15:54.040720+00:00
TX_1266,LOT_1266,BATTERY_PB,Nagpur,37359,38699,848669,21930,21487,602cf60413d754d6,0.28,-15,2026-08-24T02:07:54.040720+00:00,2026-08-24T02:15:54.040720+00:00
TX_1267,LOT_1267,PCB,Delhi,35074,35944,1417559,39438,37574,7ec469d86c9734c0,0.34,-15,2026-09-08T07:07:54.040720+00:00,2026-09-08T07:15:54.040720+00:00
TX_1268,LOT_1268,BATTERY_PB,Delhi,36853,36551,779962,21339,21759,ec063d73b84e2f11,1.33,-15,2026-08-25T14:57:54.040720+00:00,2026-08-25T15:15:54.040720+00:00
TX_1269,LOT_1269,CRT,Nagpur,22127,22382,104949,4689,4501,af5db99c85f3cb12,0.39,-15,2026-09-17T08:05:54.040720+00:00,2026-09-17T08:15:54.040720+00:00
TX_1270,LOT_1270,LCD,Nagpur,40617,39607,674784,17037,16381,d4541573b70f9392,0.76,-15,2026-09-03T17:06:54.040720+00:00,2026-09-03T17:15:54.040720+00:00
TX_1271,LOT_1271,LCD,Pune,12745,12299,211801,17221,17206,b1acf1dd3303343c,0.23,-15,2026-08-20T20:01:54.040720+00:00,2026-08-20T20:15:54.040720+00:00
TX_1272,LOT_1272,BATTERY_PB,Bengaluru,7207,6891,148108,21493,20946,e222c7758f24da7e,0.42,-15,2026-08-27T07:08:54.040720+00:00,2026-08-27T07:15:54.040720+00:00
TX_1273,LOT_1273,PCB,Delhi,18994,18584,789430,42479,41447,673c984bc4596172,1.41,-15,2026-09-07T19:01:54.040720+00:00,2026-09-07T19:15:54.040720+00:00
TX_1274,LOT_1274,MOTOR,Mumbai,39839,38454,1032682,26855,26007,206faddb1a31c87e,1.22,-15,2026-09-01T13:05:54.040720+00:00,2026-09-01T13:15:54.040720+00:00
TX_1275,LOT_1275,PLASTIC_MIXED,Bengaluru,38726,39779,472097,11868,11448,c88a9a7400af085d,0.42,-15,2026-09-01T09:55:54.040720+00:00,2026-09-01T10:15:54.040720+00:00
TX_1276,LOT_1276,MOTOR,Mumbai,41299,39839,1010715,25370,24240,0d5c4547f84791e0,0.29,-15,2026-08-20T15:00:54.040720+00:00,2026-08-20T15:15:54.040720+00:00
TX_1277,LOT_1277,BATTERY_PB,Pune,44571,44445,958501,21566,21333,c61f98b160975bc0,0.64,-15,2026-08-25T15:03:54.040720+00:00,2026-08-25T15:15:54.040720+00:00
TX_1278,LOT_1278,BATTERY_PB,Bengaluru,21431,22157,468953,21165,21522,a23ebe36f20ba0c9,1.27,-15,2026-08-23T23:04:54.040720+00:00,2026-08-23T23:15:54.040720+00:00
TX_1279,LOT_1279,CABLE,Pune,37732,37512,1720976,45878,45376,a6ef82736f774027,0.59,-15,2026-08-31T07:07:54.040720+00:00,2026-08-31T07:15:54.040720+00:00
TX_1280,LOT_1280,PCB,Bengaluru,31544,32398,1250433,38596,38333,ff7661bbe054dba1,1.39,-15,2026-09-07T17:04:54.040720+00:00,2026-09-07T17:15:54.040720+00:00
TX_1281,LOT_1281,MOTOR,Pune,25523,24704,632892,25619,25131,31e4385086a81b2b,0.11,-15,2026-08-21T01:04:54.040720+00:00,2026-08-21T01:15:54.040720+00:00
TX_1282,LOT_1282,CRT,Bengaluru,7167,7462,38086,5104,5066,a5b0163908954db1,0.48,-15,2026-09-11T01:10:54.040720+00:00,2026-09-11T01:15:54.040720+00:00
TX_1283,LOT_1283,BATTERY_PB,Pune,3878,4070,91367,22449,22853,07ca07d8d2c57940,1.31,-15,2026-09-01T07:09:54.040720+00:00,2026-09-01T07:15:54.040720+00:00
TX_1284,LOT_1284,BATTERY_PB,Nagpur,42434,42241,854029,20218,19261,9ce85b7d0761dc0c,1.35,-15,2026-09-17T06:07:54.040720+00:00,2026-09-17T06:15:54.040720+00:00
TX_1285,LOT_1285,CABLE,Jaipur,49247,47656,2153193,45182,45561,0e5929491e92c0ae,0.72,-15,2026-08-24T02:57:54.040720+00:00,2026-08-24T03:15:54.040720+00:00
TX_1286,LOT_1286,PCB,Bengaluru,7388,7652,293286,38328,37304,d9259a4bac0798c7,1.36,-15,2026-08-28T21:10:54.040720+00:00,2026-08-28T21:15:54.040720+00:00
TX_1287,LOT_1287,CABLE,Nagpur,48325,50472,2161211,42820,41927,ab6d9aa8aaefdbe1,0.19,-15,2026-09-17T22:58:54.040720+00:00,2026-09-17T23:15:54.040720+00:00
TX_1288,LOT_1288,MOTOR,Nagpur,10667,10911,248356,22762,22063,b04fbce932dcea5b,0.81,-15,2026-09-08T13:09:54.040720+00:00,2026-09-08T13:15:54.040720+00:00
TX_1289,LOT_1289,CABLE,Jaipur,49944,51653,2354085,45575,45085,57696e2f1e228ade,0.75,-15,2026-09-02T21:02:54.040720+00:00,2026-09-02T21:15:54.040720+00:00
TX_1290,LOT_1290,BATTERY_LI,Nagpur,31343,30052,892274,29691,28592,a06a7de49755828f,1.45,-15,2026-08-28T09:08:54.040720+00:00,2026-08-28T09:15:54.040720+00:00
TX_1291,LOT_1291,CABLE,Mumbai,15255,15465,727829,47063,47468,f151ff15a46ee99e,1.36,-15,2026-08-31T03:01:54.040720+00:00,2026-08-31T03:15:54.040720+00:00
TX_1292,LOT_1292,MOTOR,Jaipur,49372,47559,1101799,23167,22461,50c74b3190a67567,0.68,-15,2026-09-01T20:05:54.040720+00:00,2026-09-01T20:15:54.040720+00:00
TX_1293,LOT_1293,MOTOR,Bengaluru,14056,13602,326421,23998,22953,94256e905aeb5055,0.61,-15,2026-09-08T09:02:54.040720+00:00,2026-09-08T09:15:54.040720+00:00
TX_1294,LOT_1294,BATTERY_PB,Jaipur,46025,47552,967731,20351,19555,35edff389197107c,1.49,-15,2026-09-14T13:58:54.040720+00:00,2026-09-14T14:15:54.040720+00:00
TX_1295,LOT_1295,PLASTIC_MIXED,Bengaluru,43336,44683,541022,12108,12096,8d36645980f6c26c,1.26,-15,2026-08-29T11:00:54.040720+00:00,2026-08-29T11:15:54.040720+00:00
TX_1296,LOT_1296,CRT,Mumbai,34637,35584,182297,5123,4878,845c10ea1d842e8f,1.02,-15,2026-09-09T13:02:54.040720+00:00,2026-09-09T13:15:54.040720+00:00
TX_1297,LOT_1297,CABLE,Pune,10162,10129,447732,44203,44030,08aa6127e6b9f3a3,0.55,-15,2026-09-13T15:58:54.040720+00:00,2026-09-13T16:15:54.040720+00:00
TX_1298,LOT_1298,BATTERY_LI,Jaipur,24519,25425,703459,27668,26933,e729b06fa5db8ca3,0.24,-15,2026-09-07T13:55:54.040720+00:00,2026-09-07T14:15:54.040720+00:00
TX_1299,LOT_1299,LCD,Bengaluru,11665,11626,198642,17086,17200,97f483d674d99fb1,0.91,-15,2026-08-21T12:56:54.040720+00:00,2026-08-21T13:15:54.040720+00:00
TX_1300,LOT_1300,PLASTIC_MIXED,Jaipur,27170,27098,307346,11342,11158,4cd8284766b1f859,0.16,-15,2026-09-05T13:00:54.040720+00:00,2026-09-05T13:15:54.040720+00:00
TX_1301,LOT_1301,MOTOR,Nagpur,8068,8004,195306,24401,24194,831fd30229fd9b08,0.33,-15,2026-09-14T05:58:54.040720+00:00,2026-09-14T06:15:54.040720+00:00
TX_1302,LOT_1302,CRT,Nagpur,46719,48788,224766,4607,4419,c9dfaf7c55492107,1.44,-15,2026-09-13T20:06:54.040720+00:00,2026-09-13T20:15:54.040720+00:00
TX_1303,LOT_1303,BATTERY_LI,Bengaluru,10270,10580,309772,29279,27817,334dd7aa25c1f899,1.34,-15,2026-08-27T15:56:54.040720+00:00,2026-08-27T16:15:54.040720+00:00
TX_1304,LOT_1304,CRT,Bengaluru,6267,6069,30800,5075,5078,af4963952775957e,0.88,-15,2026-09-08T06:08:54.040720+00:00,2026-09-08T06:15:54.040720+00:00
TX_1305,LOT_1305,LCD,Mumbai,32283,31183,565784,18144,18124,78e90ae9e9af6d28,1.04,-15,2026-09-13T01:58:54.040720+00:00,2026-09-13T02:15:54.040720+00:00
TX_1306,LOT_1306,BATTERY_PB,Jaipur,16908,17353,355337,20477,20547,665ec4dd222ec711,1.18,-15,2026-08-26T02:00:54.040720+00:00,2026-08-26T02:15:54.040720+00:00
TX_1307,LOT_1307,CRT,Jaipur,48865,50686,248209,4897,4771,bd8cc32eab7d09b2,1.46,-15,2026-09-12T09:08:54.040720+00:00,2026-09-12T09:15:54.040720+00:00
TX_1308,LOT_1308,PCB,Delhi,40880,39564,1571443,39719,39127,9c4e166200684d9c,0.94,-15,2026-09-05T01:00:54.040720+00:00,2026-09-05T01:15:54.040720+00:00
TX_1309,LOT_1309,PLASTIC_MIXED,Mumbai,43308,42139,530951,12600,12236,56ef26a317c50a7c,0.64,-15,2026-08-22T12:04:54.040720+00:00,2026-08-22T12:15:54.040720+00:00
TX_1310,LOT_1310,CABLE,Pune,10879,10645,473607,44491,43079,6bf6f2f7f47bffba,0.35,-15,2026-09-10T03:09:54.040720+00:00,2026-09-10T03:15:54.040720+00:00
TX_1311,LOT_1311,PLASTIC_MIXED,Jaipur,34904,36071,418388,11599,11576,a7e7013919f5af3c,1.31,-15,2026-08-24T02:59:54.040720+00:00,2026-08-24T03:15:54.040720+00:00
TX_1312,LOT_1312,PCB,Delhi,21907,21094,861226,40828,40176,ab91e501f5bd62cd,0.66,-15,2026-09-09T00:10:54.040720+00:00,2026-09-09T00:15:54.040720+00:00
TX_1313,LOT_1313,PCB,Bengaluru,28851,28155,1118486,39726,39136,793a650cc7efd8e2,1.1,-15,2026-09-15T08:56:54.040720+00:00,2026-09-15T09:15:54.040720+00:00
TX_1314,LOT_1314,LCD,Mumbai,12720,13331,252756,18960,18212,f2bd509b564d36b6,1.41,-15,2026-09-05T23:08:54.040720+00:00,2026-09-05T23:15:54.040720+00:00
TX_1315,LOT_1315,CRT,Delhi,34744,35831,186894,5216,4973,0a333eef481e67f3,0.27,-15,2026-09-08T23:57:54.040720+00:00,2026-09-09T00:15:54.040720+00:00
TX_1316,LOT_1316,BATTERY_PB,Pune,25058,23931,531723,22219,21770,4bd01f7aaccc8e70,1.17,-15,2026-09-05T09:02:54.040720+00:00,2026-09-05T09:15:54.040720+00:00
TX_1317,LOT_1317,PCB,Nagpur,18513,17918,671137,37456,36434,091e11dfa2cfc32d,0.93,-15,2026-08-21T07:56:54.040720+00:00,2026-08-21T08:15:54.040720+00:00
TX_1318,LOT_1318,LCD,Jaipur,3399,3410,58921,17279,17062,ba0ebd5620451dbd,0.3,-15,2026-08-28T02:08:54.040720+00:00,2026-08-28T02:15:54.040720+00:00
TX_1319,LOT_1319,BATTERY_PB,Pune,19002,18708,409855,21908,22222,d5bd2de2e7510ccf,1.41,-15,2026-09-15T23:03:54.040720+00:00,2026-09-15T23:15:54.040720+00:00
TX_1320,LOT_1320,BATTERY_PB,Mumbai,6015,5911,130237,22033,21520,b9b3c0eefaf2be80,0.21,-15,2026-09-15T14:07:54.040720+00:00,2026-09-15T14:15:54.040720+00:00
TX_1321,LOT_1321,CRT,Pune,27262,25960,135641,5225,5270,f714bab76ef59d48,0.26,-15,2026-08-31T14:08:54.040720+00:00,2026-08-31T14:15:54.040720+00:00
TX_1322,LOT_1322,MOTOR,Nagpur,18103,18999,456451,24025,23991,5fcdf4b80c8033f0,0.9,-15,2026-09-12T15:03:54.040720+00:00,2026-09-12T15:15:54.040720+00:00
TX_1323,LOT_1323,MOTOR,Pune,19008,19477,500481,25696,25499,2e671517e8e52412,1.05,-15,2026-09-01T10:09:54.040720+00:00,2026-09-01T10:15:54.040720+00:00
TX_1324,LOT_1324,CRT,Mumbai,27685,26874,145066,5398,5232,995d455b76628c4e,1.21,-15,2026-09-17T15:06:54.040720+00:00,2026-09-17T15:15:54.040720+00:00
TX_1325,LOT_1325,LCD,Mumbai,15504,15077,290911,19295,19156,b647d58dba68f429,0.95,-15,2026-08-30T01:08:54.040720+00:00,2026-08-30T01:15:54.040720+00:00
TX_1326,LOT_1326,BATTERY_PB,Nagpur,28575,28960,594896,20542,20852,57cb9e5b03379b0b,0.58,-15,2026-09-06T04:55:54.040720+00:00,2026-09-06T05:15:54.040720+00:00
TX_1327,LOT_1327,LCD,Pune,10946,10904,201037,18437,18384,6726f5b4417511f4,0.15,-15,2026-08-29T14:05:54.040720+00:00,2026-08-29T14:15:54.040720+00:00
TX_1328,LOT_1328,BATTERY_LI,Jaipur,32885,33087,947943,28650,27827,50b9ff30c03832d0,0.73,-15,2026-08-29T10:59:54.040720+00:00,2026-08-29T11:15:54.040720+00:00
TX_1329,LOT_1329,BATTERY_PB,Mumbai,11217,11357,253602,22330,21863,05fe16dec3d31e5c,1.15,-15,2026-09-04T14:57:54.040720+00:00,2026-09-04T15:15:54.040720+00:00
TX_1330,LOT_1330,CRT,Nagpur,49762,49716,229887,4624,4515,d983dadff2e5cecf,0.27,-15,2026-09-12T13:06:54.040720+00:00,2026-09-12T13:15:54.040720+00:00
TX_1331,LOT_1331,PLASTIC_MIXED,Delhi,14848,15579,192042,12327,12372,bc059dfbfc00814b,1.47,-15,2026-08-28T05:05:54.040720+00:00,2026-08-28T05:15:54.040720+00:00
TX_1332,LOT_1332,PLASTIC_MIXED,Bengaluru,15270,15145,179877,11877,11807,e27f7dc7aa0b46ea,1.06,-15,2026-09-03T05:59:54.040720+00:00,2026-09-03T06:15:54.040720+00:00
TX_1333,LOT_1333,LCD,Nagpur,36102,36219,602322,16630,16680,d37dcef34949ded7,1.39,-15,2026-09-06T19:55:54.040720+00:00,2026-09-06T20:15:54.040720+00:00
TX_1334,LOT_1334,CABLE,Delhi,27217,26641,1226818,46050,45863,e8438f65aef0244b,0.24,-15,2026-09-03T20:56:54.040720+00:00,2026-09-03T21:15:54.040720+00:00
TX_1335,LOT_1335,PLASTIC_MIXED,Pune,27889,27021,308985,11435,11351,ffb88ef480dc4873,0.21,-15,2026-08-30T04:06:54.040720+00:00,2026-08-30T04:15:54.040720+00:00
TX_1336,LOT_1336,PLASTIC_MIXED,Mumbai,22300,22545,274598,12180,12154,5ecbb693f3ac2f5e,0.13,-15,2026-09-16T06:55:54.040720+00:00,2026-09-16T07:15:54.040720+00:00
TX_1337,LOT_1337,PLASTIC_MIXED,Nagpur,34510,35764,421979,11799,11514,3d43c4fedfe91357,0.35,-15,2026-08-27T11:56:54.040720+00:00,2026-08-27T12:15:54.040720+00:00
TX_1338,LOT_1338,MOTOR,Bengaluru,9693,9492,241723,25466,25011,9a6e868daf051197,0.72,-15,2026-08-29T09:56:54.040720+00:00,2026-08-29T10:15:54.040720+00:00
TX_1339,LOT_1339,MOTOR,Delhi,31238,31239,765605,24508,24779,28c5b1e3e8ac4518,0.44,-15,2026-09-15T09:00:54.040720+00:00,2026-09-15T09:15:54.040720+00:00
TX_1340,LOT_1340,BATTERY_LI,Mumbai,3118,3175,99076,31205,31528,c8757d0612037b06,0.68,-15,2026-09-11T18:55:54.040720+00:00,2026-09-11T19:15:54.040720+00:00
TX_1341,LOT_1341,CRT,Jaipur,36215,34842,173653,4984,4888,b9dd378ed3e7acd9,0.18,-15,2026-09-17T05:10:54.040720+00:00,2026-09-17T05:15:54.040720+00:00
TX_1342,LOT_1342,PLASTIC_MIXED,Jaipur,3615,3566,42407,11892,11654,1a8709bd1fc23099,0.3,-15,2026-09-11T09:56:54.040720+00:00,2026-09-11T10:15:54.040720+00:00
TX_1343,LOT_1343,CRT,Nagpur,8325,8510,39886,4687,4499,cba95e233e39bf9b,0.78,-15,2026-09-17T15:00:54.040720+00:00,2026-09-17T15:15:54.040720+00:00
TX_1344,LOT_1344,CRT,Mumbai,22628,22949,115342,5026,5041,4b9842c557aa5681,1.06,-15,2026-09-10T14:03:54.040720+00:00,2026-09-10T14:15:54.040720+00:00
TX_1345,LOT_1345,LCD,Pune,46846,45712,804348,17596,16899,06a4093b49d693b1,0.41,-15,2026-08-22T03:06:54.040720+00:00,2026-08-22T03:15:54.040720+00:00
TX_1346,LOT_1346,LCD,Nagpur,24771,25301,424272,16769,16488,ac5bfe79709ad1ab,0.51,-15,2026-08-27T09:01:54.040720+00:00,2026-08-27T09:15:54.040720+00:00
TX_1347,LOT_1347,CABLE,Delhi,40809,39962,1813036,45369,43189,954e95fb362f7bc2,0.52,-15,2026-09-16T19:03:54.040720+00:00,2026-09-16T19:15:54.040720+00:00
TX_1348,LOT_1348,PCB,Bengaluru,24865,25415,1020717,40162,39495,2b9fff6ae666a9b4,1.46,-15,2026-09-11T15:58:54.040720+00:00,2026-09-11T16:15:54.040720+00:00
TX_1349,LOT_1349,CABLE,Nagpur,33839,33211,1401936,42213,42675,2ce62f9f7b67caba,0.78,-15,2026-09-10T07:05:54.040720+00:00,2026-09-10T07:15:54.040720+00:00
TX_1350,LOT_1350,PLASTIC_MIXED,Mumbai,44826,46829,580726,12401,11976,9bcfe969473fb005,1.19,-15,2026-09-02T19:04:54.040720+00:00,2026-09-02T19:15:54.040720+00:00
TX_1351,LOT_1351,BATTERY_LI,Jaipur,13906,13706,397227,28982,29237,d1a33332d882ce3c,1.2,-15,2026-09-16T20:10:54.040720+00:00,2026-09-16T20:15:54.040720+00:00
TX_1352,LOT_1352,MOTOR,Jaipur,14273,14078,325441,23117,23502,1133ded481e60c4c,0.48,-15,2026-09-16T08:07:54.040720+00:00,2026-09-16T08:15:54.040720+00:00
TX_1353,LOT_1353,BATTERY_LI,Mumbai,30270,30472,935673,30706,30653,db869a02a69b4d21,0.44,-15,2026-08-31T13:05:54.040720+00:00,2026-08-31T13:15:54.040720+00:00
TX_1354,LOT_1354,BATTERY_PB,Delhi,3636,3810,83492,21914,21958,d4a84169bbbbfd67,1.38,-15,2026-09-01T11:08:54.040720+00:00,2026-09-01T11:15:54.040720+00:00
TX_1355,LOT_1355,CABLE,Nagpur,20841,19926,828623,41585,40857,e1b3349889747baf,1.19,-15,2026-09-14T13:55:54.040720+00:00,2026-09-14T14:15:54.040720+00:00
TX_1356,LOT_1356,LCD,Jaipur,5787,5611,94209,16790,16182,96e156458ad8af05,0.4,-15,2026-08-24T03:55:54.040720+00:00,2026-08-24T04:15:54.040720+00:00
TX_1357,LOT_1357,BATTERY_PB,Bengaluru,38311,36432,779973,21409,21504,96c49c4431de54f6,1.23,-15,2026-08-25T08:56:54.040720+00:00,2026-08-25T09:15:54.040720+00:00
TX_1358,LOT_1358,BATTERY_PB,Mumbai,17498,17943,418682,23334,22704,83a2a06f7bb8373c,0.5,-15,2026-09-10T15:05:54.040720+00:00,2026-09-10T15:15:54.040720+00:00
TX_1359,LOT_1359,CRT,Bengaluru,35877,34977,167540,4790,4760,fa2badf71c894d39,1.16,-15,2026-09-13T13:01:54.040720+00:00,2026-09-13T13:15:54.040720+00:00
TX_1360,LOT_1360,CABLE,Pune,1427,1401,66036,47135,45316,c2ac0d6d10c88179,0.7,-15,2026-09-09T15:55:54.040720+00:00,2026-09-09T16:15:54.040720+00:00
TX_1361,LOT_1361,CRT,Mumbai,30045,29572,158151,5348,5372,3b576da7c34a4fa6,0.4,-15,2026-08-28T10:04:54.040720+00:00,2026-08-28T10:15:54.040720+00:00
TX_1362,LOT_1362,CRT,Bengaluru,35760,35659,177974,4991,4941,52e24a8e2793b627,0.32,-15,2026-09-15T15:04:54.040720+00:00,2026-09-15T15:15:54.040720+00:00
TX_1363,LOT_1363,PLASTIC_MIXED,Delhi,11350,11475,135634,11820,11770,6aba8f0cc9eb6e3c,1.19,-15,2026-09-11T14:55:54.040720+00:00,2026-09-11T15:15:54.040720+00:00
TX_1364,LOT_1364,CRT,Delhi,18226,18175,96000,5282,5072,ba09a484556ed0d1,0.6,-15,2026-09-02T12:59:54.040720+00:00,2026-09-02T13:15:54.040720+00:00
TX_1365,LOT_1365,LCD,Pune,21186,21028,374467,17808,17868,0e28a0886771dc17,1.46,-15,2026-09-07T10:10:54.040720+00:00,2026-09-07T10:15:54.040720+00:00
TX_1366,LOT_1366,LCD,Jaipur,10170,10653,190966,17926,17291,418495a4b777dcb9,0.51,-15,2026-08-21T10:04:54.040720+00:00,2026-08-21T10:15:54.040720+00:00
TX_1367,LOT_1367,LCD,Mumbai,22092,21932,409646,18678,18787,80c0e6679e1823a2,0.72,-15,2026-09-13T10:04:54.040720+00:00,2026-09-13T10:15:54.040720+00:00
TX_1368,LOT_1368,CRT,Mumbai,5877,5726,29535,5158,5244,0bc6a71bf25b76a6,1.19,-15,2026-09-10T01:55:54.040720+00:00,2026-09-10T02:15:54.040720+00:00
TX_1369,LOT_1369,PLASTIC_MIXED,Jaipur,47300,47239,537769,11384,10862,a3beb4450e5d8626,0.58,-15,2026-09-15T11:58:54.040720+00:00,2026-09-15T12:15:54.040720+00:00
TX_1370,LOT_1370,LCD,Pune,19627,18864,327139,17342,17661,69ed5072bb81c774,1.25,-15,2026-08-23T18:00:54.040720+00:00,2026-08-23T18:15:54.040720+00:00
TX_1371,LOT_1371,CABLE,Nagpur,20585,20738,892024,43014,41850,c34604f98bed0104,1.02,-15,2026-09-08T07:03:54.040720+00:00,2026-09-08T07:15:54.040720+00:00
TX_1372,LOT_1372,CRT,Jaipur,2432,2345,11680,4981,5048,bf4d4bd872229838,1.34,-15,2026-09-02T23:59:54.040720+00:00,2026-09-03T00:15:54.040720+00:00
TX_1373,LOT_1373,CABLE,Bengaluru,31692,30829,1340815,43492,42095,eec432d0bf660225,0.13,-15,2026-08-29T02:02:54.040720+00:00,2026-08-29T02:15:54.040720+00:00
TX_1374,LOT_1374,BATTERY_LI,Jaipur,27920,27717,831261,29991,30408,5f9c041d832394b5,0.12,-15,2026-08-22T16:09:54.040720+00:00,2026-08-22T16:15:54.040720+00:00
TX_1375,LOT_1375,PLASTIC_MIXED,Mumbai,34044,35314,437258,12382,12008,a266530e5570cefc,0.19,-15,2026-09-12T13:55:54.040720+00:00,2026-09-12T14:15:54.040720+00:00
TX_1376,LOT_1376,BATTERY_LI,Nagpur,7038,7372,216000,29300,29473,d9fafbb9d8a712cb,0.22,-15,2026-09-12T07:05:54.040720+00:00,2026-09-12T07:15:54.040720+00:00
TX_1377,LOT_1377,BATTERY_PB,Nagpur,43609,45759,980432,21426,21053,e16b1b8ce3acd21a,1.49,-15,2026-09-08T00:02:54.040720+00:00,2026-09-08T00:15:54.040720+00:00
TX_1378,LOT_1378,CABLE,Jaipur,22655,21688,960670,44295,43717,bd4d28c8b14d53b0,1.25,-15,2026-09-04T01:56:54.040720+00:00,2026-09-04T02:15:54.040720+00:00
TX_1379,LOT_1379,PLASTIC_MIXED,Mumbai,27310,27514,329563,11978,11386,6d59ade75287c72e,0.31,-15,2026-09-06T06:10:54.040720+00:00,2026-09-06T06:15:54.040720+00:00
TX_1380,LOT_1380,MOTOR,Nagpur,45206,46417,1105978,23827,23920,ece42aa5930e6549,0.6,-15,2026-09-17T12:04:54.040720+00:00,2026-09-17T12:15:54.040720+00:00
TX_1381,LOT_1381,CABLE,Delhi,10717,10402,462244,44438,44641,5938949e8a426ff0,1.44,-15,2026-08-21T17:09:54.040720+00:00,2026-08-21T17:15:54.040720+00:00
TX_1382,LOT_1382,LCD,Bengaluru,16080,16334,279540,17114,17446,efb181493ba4807e,1.39,-15,2026-08-27T13:57:54.040720+00:00,2026-08-27T14:15:54.040720+00:00
TX_1383,LOT_1383,LCD,Mumbai,9998,10376,204822,19740,18788,be7301e9de16a0ea,1.3,-15,2026-08-25T20:58:54.040720+00:00,2026-08-25T21:15:54.040720+00:00
TX_1384,LOT_1384,MOTOR,Pune,4225,4203,104016,24748,24533,17c522e01fe9048d,1.46,-15,2026-08-29T08:58:54.040720+00:00,2026-08-29T09:15:54.040720+00:00
TX_1385,LOT_1385,BATTERY_LI,Delhi,14738,14178,433379,30567,30643,6a45d1e9511f0533,0.37,-15,2026-09-15T09:59:54.040720+00:00,2026-09-15T10:15:54.040720+00:00
TX_1386,LOT_1386,BATTERY_LI,Nagpur,24583,24529,699690,28525,27113,6b8608d1cdac6327,0.66,-15,2026-09-09T02:10:54.040720+00:00,2026-09-09T02:15:54.040720+00:00
TX_1387,LOT_1387,BATTERY_LI,Bengaluru,24618,25715,781453,30389,29357,159e9c9fb382c1ae,1.01,-15,2026-09-08T03:01:54.040720+00:00,2026-09-08T03:15:54.040720+00:00
TX_1388,LOT_1388,PLASTIC_MIXED,Pune,2038,2130,24985,11730,11181,3fbe5756d8f02d41,0.35,-15,2026-09-17T05:00:54.040720+00:00,2026-09-17T05:15:54.040720+00:00
TX_1389,LOT_1389,PCB,Delhi,34988,33784,1405279,41596,41252,ddc8ca3735b7215e,1.14,-15,2026-08-22T06:09:54.040720+00:00,2026-08-22T06:15:54.040720+00:00
TX_1390,LOT_1390,CRT,Bengaluru,41472,41119,194575,4732,4806,26c0df52f71de9c5,1.14,-15,2026-08-27T23:05:54.040720+00:00,2026-08-27T23:15:54.040720+00:00
TX_1391,LOT_1391,CABLE,Bengaluru,8169,8403,353153,42027,41113,e8b2f81a5f88fe99,1.28,-15,2026-08-29T07:01:54.040720+00:00,2026-08-29T07:15:54.040720+00:00
TX_1392,LOT_1392,LCD,Mumbai,2692,2647,51974,19635,19909,8a1b07440be76352,0.63,-15,2026-08-22T02:06:54.040720+00:00,2026-08-22T02:15:54.040720+00:00
TX_1393,LOT_1393,CABLE,Delhi,7561,7194,343319,47723,48638,f7feb7351cc6f0a0,0.77,-15,2026-08-24T12:57:54.040720+00:00,2026-08-24T13:15:54.040720+00:00
TX_1394,LOT_1394,PLASTIC_MIXED,Nagpur,29863,28771,331384,11518,11193,e648d7ae78304c6c,1.36,-15,2026-09-16T19:10:54.040720+00:00,2026-09-16T19:15:54.040720+00:00
TX_1395,LOT_1395,CABLE,Bengaluru,44016,44192,2037914,46115,45352,d4c2459bbfac0af7,1.29,-15,2026-09-18T03:07:54.040720+00:00,2026-09-18T03:15:54.040720+00:00
TX_1396,LOT_1396,MOTOR,Delhi,15372,15395,404565,26279,26178,18441abdbe41635f,1.1,-15,2026-08-26T17:03:54.040720+00:00,2026-08-26T17:15:54.040720+00:00
TX_1397,LOT_1397,CRT,Nagpur,7896,7698,35657,4632,4507,764f6842f9553aad,1.04,-15,2026-09-17T18:01:54.040720+00:00,2026-09-17T18:15:54.040720+00:00
TX_1398,LOT_1398,CRT,Delhi,22492,22317,115647,5182,5194,629153bfccbdd15e,0.98,-15,2026-09-14T08:09:54.040720+00:00,2026-09-14T08:15:54.040720+00:00
TX_1399,LOT_1399,MOTOR,Delhi,1938,1869,45439,24312,23772,927446b602ff9754,0.77,-15,2026-08-30T18:05:54.040720+00:00,2026-08-30T18:15:54.040720+00:00
TX_1400,LOT_1400,LCD,Delhi,42203,43763,841300,19224,19599,9f0e570b74047ec7,0.47,-15,2026-09-06T21:56:54.040720+00:00,2026-09-06T22:15:54.040720+00:00
TX_1401,LOT_1401,BATTERY_PB,Mumbai,5000,7500,173250,23100,23100,47808b87beb5ba0f,0.5,-10,2026-09-19T04:15:54.043492+00:00,2026-09-19T14:15:54.043495+00:00
TX_1402,LOT_1402,LCD,Bengaluru,5000,7500,132300,17640,17640,e47ca3afff26cb58,0.5,-10,2026-09-19T04:15:54.043503+00:00,2026-09-19T14:15:54.043505+00:00
TX_1403,LOT_1403,CABLE,Bengaluru,5000,7500,330750,44100,44100,ce96cc5e574aa942,0.5,-10,2026-09-19T04:15:54.043509+00:00,2026-09-19T14:15:54.043511+00:00
TX_1404,LOT_1404,BATTERY_PB,Nagpur,5000,7500,156750,20900,20900,a9caa03d74d12024,0.5,-10,2026-09-19T04:15:54.043513+00:00,2026-09-19T14:15:54.043515+00:00
TX_1405,LOT_1405,BATTERY_LI,Jaipur,5000,7500,218250,29100,29100,57a5e3b2db30ddad,0.5,-10,2026-09-19T04:15:54.043518+00:00,2026-09-19T14:15:54.043520+00:00
TX_1406,LOT_1406,CRT,Mumbai,10000,10000,21000,2100,5250,5d8c4feac82e27a3,0.8,-10,2026-09-19T06:15:54.043524+00:00,2026-09-19T14:15:54.043526+00:00
TX_1407,LOT_1407,PLASTIC_MIXED,Jaipur,10000,10000,46560,4656,11640,f6fa16a1068187e9,0.8,-10,2026-09-19T06:15:54.043530+00:00,2026-09-19T14:15:54.043532+00:00
TX_1408,LOT_1408,CABLE,Mumbai,10000,10000,189000,18900,47250,f99f5c063a24de17,0.8,-10,2026-09-19T06:15:54.043535+00:00,2026-09-19T14:15:54.043537+00:00
TX_1409,LOT_1409,BATTERY_PB,Mumbai,10000,10000,92400,9240,23100,8ceb424f1eca85b3,0.8,-10,2026-09-19T06:15:54.043539+00:00,2026-09-19T14:15:54.043542+00:00
TX_1410,LOT_1410,CRT,Delhi,10000,10000,20400,2040,5100,58fde70bdf9107d5,0.8,-10,2026-09-19T06:15:54.043545+00:00,2026-09-19T14:15:54.043546+00:00
TX_1411,LOT_1411,CRT,Pune,5000,5000,250000,50000,5000,8da4f9166fa87369,0.4,-10,2026-09-19T08:15:54.043550+00:00,2026-09-19T14:15:54.043552+00:00
TX_1412,LOT_1412,BATTERY_LI,Nagpur,5000,5000,1425000,285000,28500,65c65e052ebfaf4c,0.4,-10,2026-09-19T08:15:54.043556+00:00,2026-09-19T14:15:54.043557+00:00
TX_1413,LOT_1413,MOTOR,Delhi,5000,5000,1275000,255000,25500,ae3a1f32d70b1463,0.4,-10,2026-09-19T08:15:54.043560+00:00,2026-09-19T14:15:54.043562+00:00
TX_1414,LOT_1414,MOTOR,Mumbai,5000,5000,1312500,262500,26250,bbc0e8ed32dc80ee,0.4,-10,2026-09-19T08:15:54.043564+00:00,2026-09-19T14:15:54.043566+00:00
TX_1415,LOT_1415,LCD,Nagpur,5000,5000,855000,171000,17100,c7a9ff3099d6f609,0.4,-10,2026-09-19T08:15:54.043569+00:00,2026-09-19T14:15:54.043571+00:00
TX_1416,LOT_1416,CABLE,Nagpur,8000,8000,342000,42750,42750,87d2e18fdc241f84,15.5,-10,2026-09-19T10:15:54.043574+00:00,2026-09-19T14:15:54.043576+00:00
TX_1417,LOT_1417,PCB,Nagpur,8000,8000,304000,38000,38000,8a19de1f5cd70899,15.5,-10,2026-09-19T10:15:54.043579+00:00,2026-09-19T14:15:54.043580+00:00
TX_1418,LOT_1418,MOTOR,Jaipur,8000,8000,194000,24250,24250,ff46d9d3f2794e8b,15.5,-10,2026-09-19T10:15:54.043583+00:00,2026-09-19T14:15:54.043585+00:00
TX_1419,LOT_1419,CABLE,Bengaluru,8000,8000,352800,44100,44100,19a2a60228a3d3a3,15.5,-10,2026-09-19T10:15:54.043587+00:00,2026-09-19T14:15:54.043589+00:00
TX_1420,LOT_1420,CABLE,Jaipur,8000,8000,349200,43650,43650,dbe38b89a2624fd2,15.5,-10,2026-09-19T10:15:54.043591+00:00,2026-09-19T14:15:54.043593+00:00
